{"cameraMode":{"drawMode":0,"name":"Shaded","section":"Shading Mode"},"sceneLighting":true,"audioPlay":false,"sceneViewState":{"showFog":true,"showMaterialUpdate":false,"showSkybox":true,"showFlares":true,"showImageEffects":true,"showParticleSystems":true},"in2DMode":false,"pivot":{"x":0.07800000160932541,"y":0.0949999988079071,"z":-0.4449999928474426},"rotation":{"x":0.29833361506462099,"y":-0.07435091584920883,"z":0.023316357284784318,"w":0.9512813091278076},"size":5.162509441375732,"orthographic":false}